pg_index,commentary_source,commentary
0,supervasco,O cara √© maluco... comeca dizendo que vai ser Vasco x Chapecoense!!! Maluco!
0,supervasco,"Aten√ß√£o atleta, principalmente os mais jovens que se preocupam mais com a est√©tica do que a efici√™ncia do produto.Sua chuteira √© seu instrumento de trabalho, ela deve estar de acordo com o gramado que voc√™ for jogar. Campo de grama baixa, por√©m √∫mido e dado √† escorreg√µes. Esta√ß√£o inverno, regi√£o sul, neblina quase que constante, o que torna a grama constantemente √∫mida. Olho na chuteira que for escolher. üëÄHoje a variedade √© muita. N√£o se limita somente √† travas altas ou baixas como no passado."
1,supervasco,"Coitado, vai receber um d√©cimo que ele recebe no Vasco kkk"
1,supervasco,E quantos jogos ele jogou pelo brasileiro?
1,supervasco,Tem outras que podiam serem liberados tamb√©m
2,supervasco,"A A - CAP tem que fazer o aporte de setembro e fazer os pagamentos das folhas e despesas que eram de responsabilidade da 777... a√≠ sim √© um bom neg√≥cio. Lembrando que a 777 n√£o fez os aportes integrais , grande parte dos jogadores comprados foram parcelado e n√£o foram pagos ainda... logo o valor que a 777 tem do Vasco SAF √© menor que os 30%.... "
2,supervasco,"Na verdade essa empresa ganhou dinheiro com o Vasco...vendeu e recebeu pelo Andrei, Marlon, Egnaldo e Pec. ... que rendeu quase 220k."
2,supervasco,"O Vasco continua buscando um investidor, agora com mais cautela e tempo pra isso. Na minha modesta opini√£o, essa tr√©gua na justi√ßa, estabelece um tempo necess√°rio pra que as coisas se concretizem. Talvez n√£o precise dos 90 dias, mas isso √© palpite meu. A volta √† justi√ßa tamb√©m n√£o √© boa para a A-Cap, j√° que o furo deixado pela quebra de contrato da 777 d√° a raz√£o total ao Vasco. Pelo que entendi at√© o momento, o que ficar acordado com o Vasco agora, √© lucro pra A-Cap, que pensa apenas em recuperar o dinheiro que emprestou para a 777 fazer o aporte. At√© outubro, ou antes, devem ter v√°rias reuni√µes para apresentar investidores e propostas. Pedro Paulo deve estar querendo que tudo se resolva antes do in√≠cio do pr√≥ximo ano, que ser√° corrido, por conta da reforma da nossa casa."
3,supervasco,"(""O clube entende que a mudan√ßa de t√©cnicos √© um dos principais motivos para as les√µes. Cada treinador tem uma metodologia diferente e uma intensidade distinta.Al√©m disto, o in√≠cio de cada treinador costuma ser de muita prepara√ß√£o f√≠sica, o que pode acabar ocasionando les√µes."") *************At√© entendo. Todo mundo chega querendo mostrar trabalho. Eu s√≥ n√£o compreendo o que faz ent√£o a comiss√£o t√©cnica permanente, se √© que o L√∫cio n√£o acabou com ela. Nessa quest√£o, uma comiss√£o t√©cnica permanente entraria com os dados atualizados de cada um dos atletas e evitaria o ""retrabalho"", que √© o que estou entendendo como causador disso. O desnecess√°rio √© que causa desgaste. No momento, o leite j√° derramou. S√≥ tem que evitar que n√£o derrame de novo, principalmente porque domingo entraremos na reta final do campeonato. Mas agora, depois dessa, j√° n√£o sei nem se ainda existe a comiss√£o t√©cnica permanente."
3,supervasco,"Contus√µes sempre foi um desafio para o Vasco. E hoje ainda continuamos com esse problema; perdemos pe√ßas importantes e a queda do futebol fica a desejar. Resultado disso √© as contus√µes de Pedrinho e Jair que, ainda n√£o voltaram, e para ganhar ritmo de jogo levar√£o algum tempo..."
4,supervasco,Seguimos ‚ô†
4,supervasco,"√â isso. Bola pra frente, n√£o podemos parar. O caminho para a reestrutura√ß√£o foi aberto, o trabalho √© √°rduo, mais temos f√© que do jeito que coisas est√£o indo logo teremos o que desejamos em breve...Am√©m"
5,supervasco,O cara chegou ontem e j√° est√° no estaleiro de novo?Estava em tratamento no Vasco desde o ano passado e continua?
6,supervasco,"O estranho √© que o Bota ""est√° sempre bem"", mas est√° sempre trocando gente do futebol. Curioso isso! V√° saber o que acontece por l√°..."
7,supervasco,Tinha que mandar para ES ou outra pra√ßa para ferrar com as flores.
8,supervasco,Boa. Continue firme. Logo estar√° de volta
8,supervasco,"Vamos l√° meu volante, volta logo"
9,supervasco,Com certeza deveremos nos contentar com apenas os zagueiros existentes no elenco hoje. Ningu√©m ver sinal de que v√£o chegar novos refor√ßos pro setor
10,supervasco,3 empates e t√° bom demais!
10,supervasco,"Gr√™mio - me preocupa mais o est√°dio, a localiza√ß√£o e o acesso do que o jogo em si, porque √© um cl√°ssico e ser√° disputado, mas √© importante o Vasco estar inteiro e n√£o cansado do deslocamento at√© o Chapec√≥."
11,supervasco,"Tem que trazer o Mina, Cuellar, Bryan Rodriguez, j√°!"
11,supervasco,Isso a√≠. Encorpar a defesa
12,supervasco,O que tem a ver o Vasco como essa not√≠cia?
12,supervasco,.... no .. do Orobah.
13,supervasco,"Concordo com todas as sa√≠das. E acrescentaria Puma, Maicon e L. Pel√©."
13,supervasco,Ponham o franc√™s do DM nessa lista! O SENHOR os aben√ßoe em outra equipe!
13,supervasco,Ponham o franc√™s do DM nessa lista! O SENHOR os aben√ßoe em outra equipe!
13,supervasco,"Os 3 j√° tinham pra onde ir. Se melou ou n√£o, n√£o sei."
13,supervasco,"Tem gente que conhece de futebol, no m√°ximo, pela mesinha de tot√≥. Sforza √© 50 vezes melhor jogador e investimento que o Payet."
13,supervasco,Colocar nessa lista o colombiano que estreou contra o Atl√©tico. Ele talvez nem no Bangu serviria
13,supervasco,Tem que contratar o Cuellar
13,supervasco,"Faltam nessa lista Puma e Sforza para serem emprestados com op√ß√£o de compra.Agora, ainda observar Z√© Gabriel e Praxedes n√£o tem mais o que observar pois s√£o fracos e essa indefini√ß√£o √© mesmo que ficar enrolando meleca."
14,supervasco,"E o Corinthians contratando, vai entender"
14,supervasco,"E tem gente q acredita nessas fakes news, as d√≠vidas ja foram pagas h√° tempos pelas contrata√ß√µes"
15,supervasco,O Cara se quiser compra essa concession√°ria e voc√™s veem com essa. √â falta de assunto?
15,supervasco,"Ancelmo G√≥is, corre l√° que o flamengo t√° fazendo √°gua!"
15,supervasco,Nada a ver essa not√≠cia.
15,supervasco,E da√≠? Isso √© problema pessoal dele
