,datetime,title,link
0,2024-07-27T23:01:00-03:00,Feminino: Vasco empata com o Paysandu e conquista o Brasileiro A3,/noticias/feminino-vasco-empata-com-o-paysandu-e-conquista-o-brasileiro-a3-397515.html
1,2024-07-27T19:05:25-03:00,Vasco sobe duas posições no ranking de sócios e está próximo do rival,/noticias/vasco-sobe-duas-posicoes-no-ranking-de-socios-e-esta-proximo-do-rival-397502.html
2,2024-07-27T13:35:00-03:00,"Galdames, Rossi, Praxedes e Victor Luís não foram relacionados",/noticias/galdames-rossi-praxedes-e-victor-luis-nao-foram-relacionados-397478.html
3,2024-07-27T13:24:00-03:00,Vasco divulga relacionados para o jogo de amanhã (28),/noticias/vasco-divulga-relacionados-para-o-jogo-de-amanha-28-397475.html
4,2024-07-27T12:35:34-03:00,Cronograma: Coutinho terá condições de jogar 45 minutos contra o Grêmio?,/noticias/cronograma-coutinho-tera-condicoes-de-jogar-45-minutos-contra-o-gremio-397470.html
5,2024-07-27T11:21:03-03:00,"Há menos de um mês no Vasco, Carlos Amodeo terá muitos desafios pela frente",/noticias/ha-menos-de-um-mes-no-vasco-carlos-amodeo-tera-muitos-desafios-pela-frente-397466.html
6,2024-07-27T08:07:28-03:00,Vasco antecipa parcelas da venda de Marlon Gomes para ter fluxo de caixa,/noticias/vasco-antecipa-parcelas-da-venda-de-marlon-gomes-para-ter-fluxo-de-caixa-397455.html
7,2024-07-26T19:30:16-03:00,Ramón Díaz pediu demissão no vestiário? Jogadores respondem; vídeo,/noticias/ramon-diaz-pediu-demissao-no-vestiario-jogadores-respondem-video-397449.html
8,2024-07-26T18:49:21-03:00,Vasco lembra o 90º aniversário do eterno Pai Santana,/noticias/vasco-lembra-o-90o-aniversario-do-eterno-pai-santana-397447.html
9,2024-07-26T18:25:50-03:00,Paradesporto: Vasco terá quatro representantes nas Paralimpíadas de Paris,/noticias/paradesporto-vasco-tera-quatro-representantes-nas-paralimpiadas-de-paris-397442.html
10,2024-07-26T17:57:40-03:00,Lucas Piton aparece na Seleção Sofascore do primeiro turno do Brasileiro,/noticias/lucas-piton-aparece-na-selecao-sofascore-do-primeiro-turno-do-brasileiro-397441.html
11,2024-07-26T17:44:06-03:00,Phillipe Gabriel segue treinando com o elenco profissional,/noticias/phillipe-gabriel-segue-treinando-com-o-elenco-profissional-397440.html
12,2024-07-26T17:08:37-03:00,Vasco informa que segue com o controle da SAF; veja nota,/noticias/vasco-informa-que-segue-com-o-controle-da-saf-veja-nota-397437.html
13,2024-07-26T16:53:59-03:00,Dedé relembra momentos com a camisa do Vasco: 'Eu poderia ter ajudado',/noticias/dede-relembra-momentos-com-a-camisa-do-vasco-eu-poderia-ter-ajudado-397436.html
14,2024-07-26T16:12:27-03:00,"Números de Gonzalo Álvarez, especulado no Vasco",/noticias/numeros-de-gonzalo-alvarez-especulado-no-vasco-397431.html
15,2024-07-26T15:31:00-03:00,Lucas Piton é eleito o melhor lateral-esquerdo do primeiro turno do BR,/noticias/lucas-piton-e-eleito-o-melhor-lateral-esquerdo-do-primeiro-turno-do-br-397429.html
16,2024-07-26T14:46:46-03:00,Brasileiros cantam 'Paris vai virar baile' na França e vídeo viraliza,/noticias/brasileiros-cantam-paris-vai-virar-baile-na-franca-e-video-viraliza-397428.html
17,2024-07-26T14:15:21-03:00,Vasco busca informações sobre Gonzalo Álvarez,/noticias/vasco-busca-informacoes-sobre-gonzalo-alvarez-397425.html
18,2024-07-26T12:55:47-03:00,"Luciano Rodríguez, cotado no Vasco, acerta com o Bahia",/noticias/luciano-rodriguez-cotado-no-vasco-acerta-com-o-bahia-397421.html
19,2024-07-26T08:52:55-03:00,Médias de público do Brasileirão 2024,/noticias/medias-de-publico-do-brasileirao-2024-397416.html
20,2024-07-26T08:29:11-03:00,Vasco possui o 12º elenco mais valioso do Campeonato Brasileiro,/noticias/vasco-possui-o-12o-elenco-mais-valioso-do-campeonato-brasileiro-397409.html
21,2024-07-26T08:24:08-03:00,Rival: Renato Gaúcho critica CBF por tabela do Brasileirão,/noticias/rival-renato-gaucho-critica-cbf-por-tabela-do-brasileirao-397408.html
22,2024-07-26T08:10:52-03:00,A situação de Bruno Praxedes no Vasco,/noticias/a-situacao-de-bruno-praxedes-no-vasco-397406.html
23,2024-07-25T22:53:39-03:00,"Vegetti, sobre Álvaro Pacheco: 'A gente queria mais simplicidade'",/noticias/vegetti-sobre-alvaro-pacheco-a-gente-queria-mais-simplicidade-397403.html
24,2024-07-25T21:46:45-03:00,777 deixou de pagar premiações no ano passado; Pedrinho tenta resolver,/noticias/777-deixou-de-pagar-premiacoes-no-ano-passado-pedrinho-tenta-resolver-397398.html
25,2024-07-25T21:10:29-03:00,"Ex-Vasco, Dedé participa do Futbolaço Podcast",/noticias/ex-vasco-dede-participa-do-futbolaco-podcast-397396.html
26,2024-07-25T20:02:43-03:00,Em quem JP se inspira? Meia responde; vídeo,/noticias/em-quem-jp-se-inspira-meia-responde-video-397394.html
27,2024-07-25T19:59:48-03:00,As chances de Payet e Coutinho jogarem juntos,/noticias/as-chances-de-payet-e-coutinho-jogarem-juntos-397391.html
28,2024-07-25T18:38:42-03:00,Jair e Paulinho devem retornar aos gramados em outubro,/noticias/jair-e-paulinho-devem-retornar-aos-gramados-em-outubro-397388.html
29,2024-07-25T16:45:16-03:00,Vasco observa posições de olho na sequência da temporada,/noticias/vasco-observa-posicoes-de-olho-na-sequencia-da-temporada-397382.html
30,2024-07-25T16:31:22-03:00,Zé Maria completa 51 anos nesta quinta,/noticias/ze-maria-completa-51-anos-nesta-quinta-397380.html
31,2024-07-25T16:26:43-03:00,Buglê completa 80 anos,/noticias/bugle-completa-80-anos-397379.html
32,2024-07-25T15:41:02-03:00,Vasco e 777 dão entrada em pedido de suspensão da ação na Justiça,/noticias/vasco-e-777-dao-entrada-em-pedido-de-suspensao-da-acao-na-justica-397377.html
33,2024-07-25T15:24:09-03:00,Grupo City acerta venda de Arthur Sales; veja quanto o Vasco receberá,/noticias/grupo-city-acerta-venda-de-arthur-sales-veja-quanto-o-vasco-recebera-397375.html
34,2024-07-25T15:02:49-03:00,"Pedrinho avalia empréstimo de Serginho ao Criciúma, diz site",/noticias/pedrinho-avalia-emprestimo-de-serginho-ao-criciuma-diz-site-397372.html
35,2024-07-25T14:07:53-03:00,Boa relação de Pedrinho com rivais facilitou o local de Vasco x Fluminense,/noticias/boa-relacao-de-pedrinho-com-rivais-facilitou-o-local-de-vasco-x-fluminense-397370.html
36,2024-07-25T13:43:20-03:00,Gastos indevidos faz o Vasco precisar ser pontual nas próximas contratações,/noticias/gastos-indevidos-faz-o-vasco-precisar-ser-pontual-nas-proximas-contratacoes-397369.html
37,2024-07-25T13:27:11-03:00,"Altos valores envolvendo Mina afastaram o Vasco da negociação, diz ge",/noticias/altos-valores-envolvendo-mina-afastaram-o-vasco-da-negociacao-diz-ge-397368.html
38,2024-07-25T13:00:45-03:00,Paulo Henrique e Bruno Lopes são os aniversariantes do dia,/noticias/paulo-henrique-e-bruno-lopes-sao-os-aniversariantes-do-dia-397364.html
39,2024-07-25T08:50:01-03:00,Hugo Moura se emociona: 'Quero virar ídolo vestindo essa camisa',/noticias/hugo-moura-se-emociona-quero-virar-idolo-vestindo-essa-camisa-397353.html
40,2024-07-25T08:16:41-03:00,Adidas pode ser a nova fornecedora do Vasco? Edmundo traz detalhes,/noticias/adidas-pode-ser-a-nova-fornecedora-do-vasco-edmundo-traz-detalhes-397352.html
41,2024-07-25T08:09:31-03:00,O que pode fazer com que Souza não seja relacionado contra o Grêmio,/noticias/o-que-pode-fazer-com-que-souza-nao-seja-relacionado-contra-o-gremio-397349.html
42,2024-07-24T20:01:22-03:00,VascoTV: Treino Feminino no CT Moacyr Barbosa 24.7,/noticias/vascotv-treino-feminino-no-ct-moacyr-barbosa-247-397344.html
43,2024-07-24T17:39:31-03:00,Vasco cobra R$ 30 milhões de Ramón Díaz na Justiça,/noticias/vasco-cobra-r-30-milhoes-de-ramon-diaz-na-justica-397338.html
44,2024-07-24T17:23:17-03:00,Volante não é prioridade: Vasco busca reforços no mercado,/noticias/volante-nao-e-prioridade-vasco-busca-reforcos-no-mercado-397337.html
45,2024-07-24T16:48:15-03:00,Universidad Católica negocia empréstimo de Galdames com o Vasco,/noticias/universidad-catolica-negocia-emprestimo-de-galdames-com-o-vasco-397336.html
46,2024-07-24T16:30:04-03:00,Fotos do treino de hoje (24),/noticias/fotos-do-treino-de-hoje-24-4-397334.html
47,2024-07-24T14:57:08-03:00,Trio deve ficar à disposição de Rafael Paiva para o jogo contra o Grêmio,/noticias/trio-deve-ficar-a-disposicao-de-rafael-paiva-para-o-jogo-contra-o-gremio-397331.html
48,2024-07-24T14:49:42-03:00,"Euriquinho, via Instagram: 'Mina vindo aí! Vamos com tudo.'",/noticias/euriquinho-via-instagram-mina-vindo-ai-vamos-com-tudo-397330.html
49,2024-07-24T13:54:04-03:00,Diretoria do Paysandu mantém conversas com Rossi,/noticias/diretoria-do-paysandu-mantem-conversas-com-rossi-397329.html
50,2024-07-24T11:22:01-03:00,Mercado da Bola - Vasco: Rossi,/noticias/mercado-da-bola-vasco-rossi-2-397324.html
51,2024-07-24T11:20:04-03:00,Keiller recebe sondagens de clubes da Série B,/noticias/keiller-recebe-sondagens-de-clubes-da-serie-b-397323.html
52,2024-07-24T09:04:24-03:00,O ambiente em Chapecó para Grêmio x Vasco; vídeo,/noticias/o-ambiente-em-chapeco-para-gremio-x-vasco-video-397320.html
53,2024-07-24T08:34:00-03:00,"Paysandu tenta a contratação de Rossi, diz Agência RTI Esporte",/noticias/paysandu-tenta-a-contratacao-de-rossi-diz-agencia-rti-esporte-397318.html
54,2024-07-24T08:19:48-03:00,O futuro da SAF do Vasco após suspensão de ação na Justiça,/noticias/o-futuro-da-saf-do-vasco-apos-suspensao-de-acao-na-justica-397316.html
55,2024-07-24T08:16:59-03:00,NTV aborda os principais motivos para as lesões no Vasco,/noticias/ntv-aborda-os-principais-motivos-para-as-lesoes-no-vasco-397315.html
56,2024-07-24T08:09:54-03:00,Pedrinho completa 6 meses no Vasco; confira os próximos desafios,/noticias/pedrinho-completa-6-meses-no-vasco-confira-os-proximos-desafios-397313.html
57,2024-07-23T22:10:02-03:00,Souza ainda é dúvida para jogo contra o Grêmio,/noticias/souza-ainda-e-duvida-para-jogo-contra-o-gremio-397308.html
58,2024-07-23T20:03:31-03:00,"Ex-Vasco, Pedro Martins acerta com o Botafogo",/noticias/ex-vasco-pedro-martins-acerta-com-o-botafogo-397306.html
59,2024-07-23T18:42:42-03:00,Vasco encaminha acordo com o Botafogo para que clássico seja no Engenhão,/noticias/vasco-encaminha-acordo-com-o-botafogo-para-que-classico-seja-no-engenhao-397302.html
60,2024-07-23T18:22:48-03:00,Paulinho segue se recuperando da lesão no joelho,/noticias/paulinho-segue-se-recuperando-da-lesao-no-joelho-3-397300.html
61,2024-07-23T18:21:49-03:00,Fotos do treino de hoje (23),/noticias/fotos-do-treino-de-hoje-23-397299.html
62,2024-07-23T16:00:07-03:00,Vasco publica sobre os próximos 3 confrontos do clube,/noticias/vasco-publica-sobre-os-proximos-3-confrontos-do-clube-397293.html
63,2024-07-23T12:29:01-03:00,"Com 'prioridade máxima', Pedrinho só irá atrás de 'nomes pontuais'",/noticias/com-prioridade-maxima-pedrinho-so-ira-atras-de-nomes-pontuais-397282.html
64,2024-07-23T11:46:56-03:00,"Al-Orobah anuncia a contratação de Álvaro Pacheco, ex-Vasco",/noticias/al-orobah-anuncia-a-contratacao-de-alvaro-pacheco-ex-vasco-397281.html
65,2024-07-23T10:49:17-03:00,Paiva faz testes e Pedrinho pode anunciar saídas; veja possíveis nomes,/noticias/paiva-faz-testes-e-pedrinho-pode-anunciar-saidas-veja-possiveis-nomes-397278.html
66,2024-07-23T10:30:20-03:00,Pedrinho tenta solucionar problema no Vasco,/noticias/pedrinho-tenta-solucionar-problema-no-vasco-397276.html
67,2024-07-23T10:19:50-03:00,"Alex Teixeira tem a água cortada, mas consegue liminar para ter o serviço",/noticias/alex-teixeira-tem-a-agua-cortada-mas-consegue-liminar-para-ter-o-servico-397275.html
68,2024-07-22T20:07:55-03:00,AV dá notas para os jogadores do Vasco contra o Atlético-MG,/noticias/av-da-notas-para-os-jogadores-do-vasco-contra-o-atletico-mg-3-397255.html
69,2024-07-22T08:18:50-03:00,Feminino: Meninas da Colina comemoram vitória contra o Paysandu; vídeos,/noticias/feminino-meninas-da-colina-comemoram-vitoria-contra-o-paysandu-videos-397208.html
70,2024-07-21T22:27:42-03:00,Rafael Paiva responde se o gramado influenciou no erro de Praxedes,/noticias/rafael-paiva-responde-se-o-gramado-influenciou-no-erro-de-praxedes-397205.html
71,2024-07-21T19:56:21-03:00,Imagens e vídeos mostram o erro de Praxedes no 2° gol do Atlético-MG,/noticias/imagens-e-videos-mostram-o-erro-de-praxedes-no-2deg-gol-do-atletico-mg-397197.html
72,2024-07-21T19:29:58-03:00,Vegetti ficou na bronca após ser agarrado na pequena área; veja,/noticias/vegetti-ficou-na-bronca-apos-ser-agarrado-na-pequena-area-veja-397196.html
73,2024-07-21T18:55:17-03:00,Possível retorno ao Vasco? Alan Kardec fala com exclusividade,/noticias/possivel-retorno-ao-vasco-alan-kardec-fala-com-exclusividade-397193.html
74,2024-07-21T18:31:27-03:00,Notas dos jogadores do Vasco contra o Atlético-MG,/noticias/notas-dos-jogadores-do-vasco-contra-o-atletico-mg-3-397186.html
75,2024-07-21T18:08:43-03:00,Lance de Praxedes em possível pênalti é comparado com o do jogo do rival,/noticias/lance-de-praxedes-em-possivel-penalti-e-comparado-com-o-do-jogo-do-rival-397178.html
76,2024-07-21T17:56:00-03:00,Vasco é superado pelo Atlético-MG na Arena MRV: 2 a 0,/noticias/vasco-e-superado-pelo-atletico-mg-na-arena-mrv-2-a-0-397171.html
77,2024-07-21T17:04:06-03:00,Emerson Rodríguez estreia no Vasco,/noticias/emerson-rodriguez-estreia-no-vasco-397167.html
78,2024-07-21T09:37:00-03:00,Sócio Gigante alcança marca de 50 mil adesões,/noticias/socio-gigante-alcanca-marca-de-50-mil-adesoes-397108.html
79,2024-07-21T08:28:00-03:00,Análise: A tática utilizada por Rafael Paiva na reação do Vasco em 2024,/noticias/analise-a-tatica-utilizada-por-rafael-paiva-na-reacao-do-vasco-em-2024-397093.html
80,2024-07-20T21:54:26-03:00,Vasco x Fluminense pode acontecer no Maracanã,/noticias/vasco-x-fluminense-pode-acontecer-no-maracana-397085.html
81,2024-07-20T15:19:00-03:00,Souza só teria a possibilidade de jogar 20 minutos contra o Atlético-MG,/noticias/souza-so-teria-a-possibilidade-de-jogar-20-minutos-contra-o-atletico-mg-397055.html
82,2024-07-20T14:40:00-03:00,Números de David e Vegetti em participações em gols em 2024,/noticias/numeros-de-david-e-vegetti-em-participacoes-em-gols-em-2024-397051.html
83,2024-07-20T13:05:45-03:00,Vasco divulga relacionados para enfrentar o Atético-MG com novidades,/noticias/vasco-divulga-relacionados-para-enfrentar-o-atetico-mg-com-novidades-397037.html
84,2024-07-20T11:10:11-03:00,O possível motivo do Botafogo não emprestar o Engenhão para o Vasco,/noticias/o-possivel-motivo-do-botafogo-nao-emprestar-o-engenhao-para-o-vasco-397022.html
85,2024-07-20T08:43:48-03:00,Payet tem grande possibilidade de voltar e Coutinho evolui na preparação,/noticias/payet-tem-grande-possibilidade-de-voltar-e-coutinho-evolui-na-preparacao-397018.html
86,2024-07-20T08:12:44-03:00,"Além de Yerry Mina, zagueiro revelado pelo rival está mapeado, diz NTV",/noticias/alem-de-yerry-mina-zagueiro-revelado-pelo-rival-esta-mapeado-diz-ntv-397016.html
87,2024-07-19T21:43:00-03:00,César Luis Merlo diz que Yerry Mina 'hoje não está perto' do Vasco,/noticias/cesar-luis-merlo-diz-que-yerry-mina-hoje-nao-esta-perto-do-vasco-397010.html
88,2024-07-19T21:23:00-03:00,Dívida da SAF fez Botafogo rejeitar pedido do Vasco pelo Nilton Santos,/noticias/divida-da-saf-fez-botafogo-rejeitar-pedido-do-vasco-pelo-nilton-santos-397007.html
89,2024-07-19T20:48:00-03:00,Botafogo recusa pedido do Vasco para enfrentar o Fluminense no Nilton Santos,/noticias/botafogo-recusa-pedido-do-vasco-para-enfrentar-o-fluminense-no-nilton-santos-397005.html
90,2024-07-19T20:32:00-03:00,"Ex-técnico do Vasco, Álvaro Pacheco acerta com time da Arábia Saudita",/noticias/ex-tecnico-do-vasco-alvaro-pacheco-acerta-com-time-da-arabia-saudita-397003.html
91,2024-07-19T20:13:00-03:00,"Apresentação oficial de Emerson Rodríguez deve acontecer amanhã, às 12h",/noticias/apresentacao-oficial-de-emerson-rodriguez-deve-acontecer-amanha-as-12h-397001.html
92,2024-07-19T17:10:40-03:00,Vasco avança em conversas com a A-Cap,/noticias/vasco-avanca-em-conversas-com-a-a-cap-396991.html
93,2024-07-19T17:04:17-03:00,Vasco suspende ação contra a 777 na Justiça,/noticias/vasco-suspende-acao-contra-a-777-na-justica-396988.html
94,2024-07-19T15:01:49-03:00,Yerry Mina desmente rumores de possível vinda ao Brasil,/noticias/yerry-mina-desmente-rumores-de-possivel-vinda-ao-brasil-396975.html
95,2024-07-18T21:27:02-03:00,Pedrinho apresenta proposta por Yerry Mina,/noticias/pedrinho-apresenta-proposta-por-yerry-mina-396905.html
96,2024-07-18T19:28:15-03:00,Vegetti comemora 50 jogos pelo Vasco: 'É uma honra e uma responsabilidade',/noticias/vegetti-comemora-50-jogos-pelo-vasco-e-uma-honra-e-uma-responsabilidade-396899.html
97,2024-07-18T18:36:07-03:00, ‘O que esse cara já garantiu de pontos pro Vasco não é brincadeira’,/noticias/o-que-esse-cara-ja-garantiu-de-pontos-pro-vasco-nao-e-brincadeira-396891.html
98,2024-07-18T17:49:22-03:00,Textor se posiciona após declaração de Pedrinho: 'Ele está 100% correto',/noticias/textor-se-posiciona-apos-declaracao-de-pedrinho-ele-esta-100-correto-396881.html
99,2024-07-18T16:54:32-03:00,"Criciúma estaria interessado em Serginho, do Vasco",/noticias/criciuma-estaria-interessado-em-serginho-do-vasco-396876.html
100,2024-07-18T16:09:26-03:00,Vasco x Fluminense pode acontecer no Estádio Nilton Santos,/noticias/vasco-x-fluminense-pode-acontecer-no-estadio-nilton-santos-396873.html
101,2024-07-18T15:50:02-03:00,Pedrinho rebate acusação de Textor: 'Ele mexeu em um campo...',/noticias/pedrinho-rebate-acusacao-de-textor-ele-mexeu-em-um-campo-396868.html
102,2024-07-18T15:10:09-03:00,Dirigentes de clubes cariocas conversam após sorteio da CdB,/noticias/dirigentes-de-clubes-cariocas-conversam-apos-sorteio-da-cdb-396863.html
103,2024-07-18T14:11:09-03:00,Vasco enfrenta o Atlético-GO pela quarta fase da Copa do Brasil,/noticias/vasco-enfrenta-o-atletico-go-pela-quarta-fase-da-copa-do-brasil-396859.html
104,2024-07-18T12:36:54-03:00,Ouça a narração do gol de David contra o Atlético-GO na voz de Luiz Penido,/noticias/ouca-a-narracao-do-gol-de-david-contra-o-atletico-go-na-voz-de-luiz-penido-396852.html
105,2024-07-18T11:57:51-03:00,‘A torcida do Vasco é mandante em qualquer lugar do Brasil’,/noticias/a-torcida-do-vasco-e-mandante-em-qualquer-lugar-do-brasil-396847.html
106,2024-07-18T11:38:04-03:00,Vegetti: 'Tenho que trabalhar ainda mais para melhorar e corrigir',/noticias/vegetti-tenho-que-trabalhar-ainda-mais-para-melhorar-e-corrigir-396845.html
107,2024-07-18T11:01:24-03:00,Chute do meio-campo de Galdames contra o Atlético-GO vira assunto na web,/noticias/chute-do-meio-campo-de-galdames-contra-o-atletico-go-vira-assunto-na-web-396841.html
108,2024-07-18T10:25:28-03:00,Quatro jogadores que já passaram pelo Vasco viram destaques na MLS,/noticias/quatro-jogadores-que-ja-passaram-pelo-vasco-viram-destaques-na-mls-396836.html
109,2024-07-18T09:53:49-03:00,Juiz que tirou o título do Vasco contra o Flamengo em 2014 admite erro,/noticias/juiz-que-tirou-o-titulo-do-vasco-contra-o-flamengo-em-2014-admite-erro-396833.html
110,2024-07-18T09:20:29-03:00,Rival: Atlético-MG terá vários desfalques e um retorno contra o Vasco,/noticias/rival-atletico-mg-tera-varios-desfalques-e-um-retorno-contra-o-vasco-396832.html
111,2024-07-17T21:57:14-03:00,Notas dos jogadores do Vasco na vitória contra o Atlético-GO,/noticias/notas-dos-jogadores-do-vasco-na-vitoria-contra-o-atletico-go-396811.html
112,2024-07-17T21:54:07-03:00,Súmula de Atlético-GO 0 x 1 Vasco,/noticias/sumula-de-atletico-go-0-x-1-vasco-396810.html
113,2024-07-17T20:56:00-03:00,Vasco vence o Atlético-GO por 1 a 0,/noticias/vasco-vence-o-atletico-go-por-1-a-0-2-396796.html
114,2024-07-17T16:28:59-03:00,Corinthians ingressa com ação de cobrança sobre dívida de Lucas Piton,/noticias/corinthians-ingressa-com-acao-de-cobranca-sobre-divida-de-lucas-piton-396758.html
115,2024-07-17T16:02:24-03:00,'BIDou!': Emerson Rodríguez está apto para estrear pelo Vasco,/noticias/bidou-emerson-rodriguez-esta-apto-para-estrear-pelo-vasco-396755.html
116,2024-07-17T14:27:51-03:00,Payet deixa de seguir Enzo Fernandez após meia cantar música racista,/noticias/payet-deixa-de-seguir-enzo-fernandez-apos-meia-cantar-musica-racista-396750.html
117,2024-07-17T12:21:30-03:00,Textor diz estar preocupado com mudança no controle da SAF do Vasco,/noticias/textor-diz-estar-preocupado-com-mudanca-no-controle-da-saf-do-vasco-396732.html
118,2024-07-17T11:14:54-03:00,João Victor faz aniversário hoje (17),/noticias/joao-victor-faz-aniversario-hoje-17-396730.html
119,2024-07-17T08:24:46-03:00,"Paulinho: 'Lutar, perseverar e nunca desistir! isso me define! Seguimos...'",/noticias/paulinho-lutar-perseverar-e-nunca-desistir-isso-me-define-seguimos-396718.html
120,2024-07-16T20:32:33-03:00,Torcedores já aguardam chegada da delegação vascaína no hotel,/noticias/torcedores-ja-aguardam-chegada-da-delegacao-vascaina-no-hotel-396702.html
121,2024-07-16T19:56:21-03:00,'A Barreira vai virar baile' versão forró viraliza na web,/noticias/a-barreira-vai-virar-baile-versao-forro-viraliza-na-web-396698.html
122,2024-07-16T19:52:03-03:00,Feminino: CBF divulga tabela detalhada da final do Brasileiro A3,/noticias/feminino-cbf-divulga-tabela-detalhada-da-final-do-brasileiro-a3-396697.html
123,2024-07-16T15:14:20-03:00,"Clayton viaja para se apresentar ao Rio Ave, de Portugal",/noticias/clayton-viaja-para-se-apresentar-ao-rio-ave-de-portugal-396676.html
124,2024-07-16T14:16:39-03:00,Pedrosa: GB foi relacionado para o jogo contra o Atlético-GO,/noticias/pedrosa-gb-foi-relacionado-para-o-jogo-contra-o-atletico-go-396671.html
125,2024-07-16T13:15:23-03:00,FIFA intima o Vasco a se defender no processo movido por Ramón Díaz,/noticias/fifa-intima-o-vasco-a-se-defender-no-processo-movido-por-ramon-diaz-396666.html
126,2024-07-16T11:23:07-03:00,Nicola: 'Vasco apresenta atacante e avança por outro',/noticias/nicola-vasco-apresenta-atacante-e-avanca-por-outro-396658.html
127,2024-07-16T09:09:19-03:00,Ramón Díaz é desmentido pelo Vasco após coletiva; veja resposta,/noticias/ramon-diaz-e-desmentido-pelo-vasco-apos-coletiva-veja-resposta-396653.html
128,2024-07-15T21:42:11-03:00,Talento de Coutinho e Payet encanta no treino do CT Moacyr Barbosa,/noticias/talento-de-coutinho-e-payet-encanta-no-treino-do-ct-moacyr-barbosa-396645.html
129,2024-07-15T19:46:25-03:00,"Vasco estaria devendo R$ 1,2 milhão à Familia Díaz pela temporada 2023",/noticias/vasco-estaria-devendo-r-12-milhao-a-familia-diaz-pela-temporada-2023-396637.html
130,2024-07-15T18:23:20-03:00,Vasco posta foto de Coutinho e Payet abraçados,/noticias/vasco-posta-foto-de-coutinho-e-payet-abracados-396632.html
131,2024-07-15T14:43:14-03:00,Coutinho ainda não tem data para estrear no Vasco,/noticias/coutinho-ainda-nao-tem-data-para-estrear-no-vasco-396611.html
132,2024-07-15T13:39:50-03:00,Ramón Díaz fala sobre saída do Vasco,/noticias/ramon-diaz-fala-sobre-saida-do-vasco-396606.html
133,2024-07-15T08:07:10-03:00,Bruno Lopes é chamado de 'Endrick do Vasco da Gama' por jornal da Espanha,/noticias/bruno-lopes-e-chamado-de-endrick-do-vasco-da-gama-por-jornal-da-espanha-396579.html
134,2024-07-14T15:13:03-03:00,Velório de Sérgio de Oliveira Cabral Santos será na Sede Náutica,/noticias/velorio-de-sergio-de-oliveira-cabral-santos-sera-na-sede-nautica-396547.html
135,2024-07-14T13:45:30-03:00,Vasco anuncia a contratação de Souza,/noticias/vasco-anuncia-a-contratacao-de-souza-396536.html
136,2024-07-14T13:14:08-03:00,Vasco lamenta o falecimento de Sérgio de Oliveira Cabral Santos,/noticias/vasco-lamenta-o-falecimento-de-sergio-de-oliveira-cabral-santos-396529.html
137,2024-07-14T11:29:00-03:00,Ator e produtor espanhol Antonio Banderas recebe camisa do Vasco,/noticias/ator-e-produtor-espanhol-antonio-banderas-recebe-camisa-do-vasco-396523.html
138,2024-07-14T08:38:00-03:00,"Ídolo do Vasco, Brito deseja sucesso a Coutinho na sua volta ao Vasco",/noticias/idolo-do-vasco-brito-deseja-sucesso-a-coutinho-na-sua-volta-ao-vasco-396495.html
139,2024-07-13T23:41:39-03:00,Setorista do Atalanta liga o nome de Rafael Tolói ao Vasco,/noticias/setorista-do-atalanta-liga-o-nome-de-rafael-toloi-ao-vasco-396489.html
140,2024-07-13T18:18:00-03:00,"Vasco informa falecimento da mãe de Gary Medel, ex-zagueiro do Vasco",/noticias/vasco-informa-falecimento-da-mae-de-gary-medel-ex-zagueiro-do-vasco-396474.html
141,2024-07-13T18:09:00-03:00,"San Lorenzo chega a acordo com Andrés Vombergar, informa César Luis Merlo",/noticias/san-lorenzo-chega-a-acordo-com-andres-vombergar-informa-cesar-luis-merlo-396472.html
142,2024-07-13T17:03:00-03:00,Brian Rodriguez só seria negociado por no mínimo 8 milhões de dólares,/noticias/brian-rodriguez-so-seria-negociado-por-no-minimo-8-milhoes-de-dolares-396468.html
143,2024-07-13T16:34:00-03:00,Empresário estaria cobrando o Vasco por comissão na contratação de Payet,/noticias/empresario-estaria-cobrando-o-vasco-por-comissao-na-contratacao-de-payet-396466.html
144,2024-07-13T16:14:00-03:00,Richarlison foi aplaudido por torcedores durante apresentação de Coutinho,/noticias/richarlison-foi-aplaudido-por-torcedores-durante-apresentacao-de-coutinho-396463.html
145,2024-07-13T15:21:00-03:00,"Ex-Vasco, Dunga e sua esposa sofrem acidente no Paraná",/noticias/ex-vasco-dunga-e-sua-esposa-sofrem-acidente-no-parana-396451.html
146,2024-07-13T14:39:00-03:00,"Ex-Vasco, Cauan Barros vive boa fase no Amazonas",/noticias/ex-vasco-cauan-barros-vive-boa-fase-no-amazonas-396445.html
147,2024-07-13T14:10:00-03:00,Sergio Busquets manda recado para Coutinho em sua apresentação,/noticias/sergio-busquets-manda-recado-para-coutinho-em-sua-apresentacao-396444.html
148,2024-07-13T14:03:00-03:00,Bruno Guimarães deixa mensagem para Coutinho durante apresentação,/noticias/bruno-guimaraes-deixa-mensagem-para-coutinho-durante-apresentacao-396443.html
149,2024-07-13T13:55:00-03:00,Reação dos vascaínos ao Neymar aparecer em vídeo na apresentação de Coutinho,/noticias/reacao-dos-vascainos-ao-neymar-aparecer-em-video-na-apresentacao-de-coutinho-396440.html
150,2024-07-13T13:01:41-03:00,Coutinho se emocionou durante a apresentação; veja vídeo,/noticias/coutinho-se-emocionou-durante-a-apresentacao-veja-video-396414.html
151,2024-07-13T11:13:36-03:00,Organizada faz bandeira em homenagem a Coutinho,/noticias/organizada-faz-bandeira-em-homenagem-a-coutinho-396384.html
152,2024-07-13T08:39:44-03:00,"Nova patrocinadora do Vasco, R10 anuncia parceria com vídeo na rede social",/noticias/nova-patrocinadora-do-vasco-r10-anuncia-parceria-com-video-na-rede-social-396358.html
153,2024-07-12T22:39:29-03:00,"Especulado no Vasco, Andrés Vombergar virá para o Rio de Janeiro",/noticias/especulado-no-vasco-andres-vombergar-vira-para-o-rio-de-janeiro-396347.html
154,2024-07-12T19:55:34-03:00,Ramón e Emiliano Díaz já estariam regularizados no BID pelo Corinthians,/noticias/ramon-e-emiliano-diaz-ja-estariam-regularizados-no-bid-pelo-corinthians-396342.html
155,2024-07-12T18:25:02-03:00,"Vasco abriu negociação com Pepe, que não deseja jogar no Brasil",/noticias/vasco-abriu-negociacao-com-pepe-que-nao-deseja-jogar-no-brasil-396336.html
156,2024-07-12T08:13:16-03:00,Alan Kardec e Talles Magno comemoram volta de Philippe Coutinho ao Vasco,/noticias/alan-kardec-e-talles-magno-comemoram-volta-de-philippe-coutinho-ao-vasco-396263.html
157,2024-07-11T20:10:00-03:00,Pedrinho diz que objetivo é que Vasco chegue aos 100 mil sócios,/noticias/pedrinho-diz-que-objetivo-e-que-vasco-chegue-aos-100-mil-socios-396251.html
158,2024-07-11T17:26:34-03:00,Artista ilustra desenho de Philippe Coutinho,/noticias/artista-ilustra-desenho-de-philippe-coutinho-396220.html
159,2024-07-11T17:20:38-03:00,Pedrinho explica planos do Vasco no mercado,/noticias/pedrinho-explica-planos-do-vasco-no-mercado-396219.html
160,2024-07-11T16:59:33-03:00,Leão faz 75 anos hoje (11),/noticias/leao-faz-75-anos-hoje-11-396214.html
161,2024-07-11T16:12:24-03:00,Torcedor do Bahia se rende: 'Aqui no Rio não tem como ser outro time...',/noticias/torcedor-do-bahia-se-rende-aqui-no-rio-nao-tem-como-ser-outro-time-396206.html
162,2024-07-11T10:42:23-03:00,Sforza tentava esse gol há tempos; relembre a falta contra o Vitória,/noticias/sforza-tentava-esse-gol-ha-tempos-relembre-a-falta-contra-o-vitoria-396133.html
163,2024-07-11T08:32:56-03:00,Vídeo de Piton saindo de campo contra o Corinthians vira momento emblemático,/noticias/video-de-piton-saindo-de-campo-contra-o-corinthians-vira-momento-emblematico-396115.html
164,2024-07-11T08:05:23-03:00,Pedrinho viraliza ao festejar como um torcedor a vitória sobre o Corinthians,/noticias/pedrinho-viraliza-ao-festejar-como-um-torcedor-a-vitoria-sobre-o-corinthians-396109.html
165,2024-07-10T23:56:13-03:00,Náutico teria se arrependido de vender Mateus Carvalho por preço baixo,/noticias/nautico-teria-se-arrependido-de-vender-mateus-carvalho-por-preco-baixo-396108.html
166,2024-07-10T21:46:48-03:00,Notas dos jogadores do Vasco na vitória contra o Corinthians,/noticias/notas-dos-jogadores-do-vasco-na-vitoria-contra-o-corinthians-396088.html
167,2024-07-10T21:35:43-03:00,Sforza comenta sobre o que mudou no time com Rafael Paiva no comando,/noticias/sforza-comenta-sobre-o-que-mudou-no-time-com-rafael-paiva-no-comando-396086.html
168,2024-07-10T21:18:19-03:00,Lucas Piton: 'Eu acredito que o trabalho recompensa',/noticias/lucas-piton-eu-acredito-que-o-trabalho-recompensa-396082.html
169,2024-07-10T21:05:09-03:00,Vasco estava há 14 anos sem vencer o Corinthians,/noticias/vasco-estava-ha-14-anos-sem-vencer-o-corinthians-396080.html
170,2024-07-10T21:00:20-03:00,Vasco vence o Corinthians por 2 a 0 em São Januário,/noticias/vasco-vence-o-corinthians-por-2-a-0-em-sao-januario-396078.html
171,2024-07-10T19:07:33-03:00,Acompanhe ao tempo real de Vasco x Corinthians na VascoTV,/noticias/acompanhe-ao-tempo-real-de-vasco-x-corinthians-na-vascotv-396071.html
172,2024-07-10T18:08:26-03:00,Torcida abraça ideia de associação em massa: ‘Voltar ao topo’,/noticias/torcida-abraca-ideia-de-associacao-em-massa-voltar-ao-topo-396052.html
173,2024-07-10T18:04:39-03:00,Ramón Díaz: Jurídico do Vasco se prepara para 'guerra' na FIFA,/noticias/ramon-diaz-juridico-do-vasco-se-prepara-para-guerra-na-fifa-396048.html
174,2024-07-10T18:01:11-03:00,Escalação do Vasco para enfrentar o Corinthians,/noticias/escalacao-do-vasco-para-enfrentar-o-corinthians-396045.html
175,2024-07-10T15:51:29-03:00,Salgado comemora retorno de Coutinho,/noticias/salgado-comemora-retorno-de-coutinho-396019.html
176,2024-07-10T14:42:29-03:00,Ramón Díaz cobra R$ 26 milhões do Vasco na Justiça,/noticias/ramon-diaz-cobra-r-26-milhoes-do-vasco-na-justica-396007.html
177,2024-07-10T14:10:59-03:00,Ramón Díaz aciona a FIFA pedindo indenização do contrato com o Vasco,/noticias/ramon-diaz-aciona-a-fifa-pedindo-indenizacao-do-contrato-com-o-vasco-396002.html
178,2024-07-10T11:11:00-03:00,Philippe Coutinho é oficialmente anunciado pelo Vasco,/noticias/philippe-coutinho-e-oficialmente-anunciado-pelo-vasco-395962.html
179,2024-07-10T10:34:37-03:00,R. Díaz estará em camarote da diretoria do Corinthians para jogo com Vasco,/noticias/r-diaz-estara-em-camarote-da-diretoria-do-corinthians-para-jogo-com-vasco-395959.html
180,2024-07-10T08:29:12-03:00,Vasco tenta encontrar destino para Puma Rodríguez,/noticias/vasco-tenta-encontrar-destino-para-puma-rodriguez-395951.html
181,2024-07-09T23:29:56-03:00,Puma Rodriguez deve integrar barca que deixará o Vasco no meio do ano,/noticias/puma-rodriguez-deve-integrar-barca-que-deixara-o-vasco-no-meio-do-ano-395941.html
182,2024-07-09T22:35:24-03:00,Vasco anunciará Coutinho quando empréstimo estiver liberado no TMS,/noticias/vasco-anunciara-coutinho-quando-emprestimo-estiver-liberado-no-tms-395939.html
183,2024-07-09T20:26:49-03:00,Vasco está dividido entre anunciar Coutinho hoje e amanhã (10),/noticias/vasco-esta-dividido-entre-anunciar-coutinho-hoje-e-amanha-10-395935.html
184,2024-07-09T20:20:08-03:00,Contrato de Philippe Coutinho com o Vasco já está assinado,/noticias/contrato-de-philippe-coutinho-com-o-vasco-ja-esta-assinado-395934.html
185,2024-07-09T20:11:25-03:00,Justiça determina penhora de 10% das ações da SAF para pagamento de dívida,/noticias/justica-determina-penhora-de-10-das-acoes-da-saf-para-pagamento-de-divida-395932.html
186,2024-07-09T20:03:36-03:00,Acordo entre Vasco e Coutinho foi selado na noite desta terça (09),/noticias/acordo-entre-vasco-e-coutinho-foi-selado-na-noite-desta-terca-09-395929.html
187,2024-07-09T18:42:19-03:00,Profissionais que trabalharão na transmissão de Vasco x Corinthians,/noticias/profissionais-que-trabalharao-na-transmissao-de-vasco-x-corinthians-395926.html
188,2024-07-09T18:00:56-03:00,Payet não deve ser relacionado para o jogo contra o Corinthians,/noticias/payet-nao-deve-ser-relacionado-para-o-jogo-contra-o-corinthians-395925.html
189,2024-07-09T17:35:56-03:00,"Vasco teria feito pré-registro de Coutinho na CBF, diz André Hernan",/noticias/vasco-teria-feito-pre-registro-de-coutinho-na-cbf-diz-andre-hernan-395923.html
190,2024-07-09T16:52:35-03:00,Ramón Díaz desembarca no Rio; técnico deve acompanhar Vasco x Corinthians,/noticias/ramon-diaz-desembarca-no-rio-tecnico-deve-acompanhar-vasco-x-corinthians-395922.html
191,2024-07-09T13:27:03-03:00,"Neto: Corinthians deve acertar com André Ramalho, especulado no Vasco",/noticias/neto-corinthians-deve-acertar-com-andre-ramalho-especulado-no-vasco-395910.html
192,2024-07-09T13:09:11-03:00,Gramado do CT do Vasco vem recebendo melhorias; veja foto e vídeo,/noticias/gramado-do-ct-do-vasco-vem-recebendo-melhorias-veja-foto-e-video-395909.html
193,2024-07-09T08:05:38-03:00,Emerson Rodríguez fala sobre questão física e deixa um recado para a torcida,/noticias/emerson-rodriguez-fala-sobre-questao-fisica-e-deixa-um-recado-para-a-torcida-395887.html
194,2024-07-09T08:03:40-03:00,As primeiras palavras de Emerson Rodríguez em sua chegada ao Rio,/noticias/as-primeiras-palavras-de-emerson-rodriguez-em-sua-chegada-ao-rio-395886.html
195,2024-07-08T22:57:45-03:00,"Agentes oferecem Alan Kardec, cria do Vasco, para alguns times",/noticias/agentes-oferecem-alan-kardec-cria-do-vasco-para-alguns-times-395882.html
196,2024-07-08T20:12:51-03:00,"Amodeo, novo CEO da SAF, foi elogiado no início pelo Coxa",/noticias/amodeo-novo-ceo-da-saf-foi-elogiado-no-inicio-pelo-coxa-395867.html
197,2024-07-08T18:35:59-03:00,Mais um dia! Jair e Paulinho seguem em processo de recuperação,/noticias/mais-um-dia-jair-e-paulinho-seguem-em-processo-de-recuperacao-395856.html
198,2024-07-08T18:06:03-03:00,"Próximo adversário do Vasco, Corinthians divide baixo retrospecto no BR",/noticias/proximo-adversario-do-vasco-corinthians-divide-baixo-retrospecto-no-br-395852.html
199,2024-07-08T17:45:55-03:00,Legea já tentou fechar com dois clubes brasileiros,/noticias/legea-ja-tentou-fechar-com-dois-clubes-brasileiros-395845.html
200,2024-07-08T15:39:24-03:00,Ramón Díaz e Corinthians já teriam acertado salários e tempo de contrato,/noticias/ramon-diaz-e-corinthians-ja-teriam-acertado-salarios-e-tempo-de-contrato-395838.html
201,2024-07-08T13:59:40-03:00,Enquete: 88% dos vascaínos desejam efetivação de Rafael Paiva,/noticias/enquete-88-dos-vascainos-desejam-efetivacao-de-rafael-paiva-395827.html
202,2024-07-08T12:56:50-03:00,Pedro Martins explica saída do Vasco,/noticias/pedro-martins-explica-saida-do-vasco-395822.html
203,2024-07-08T12:50:00-03:00,Jogador ganha moral: ‘Peça essencial para a temporada’,/noticias/jogador-ganha-moral-peca-essencial-para-a-temporada-395821.html
204,2024-07-08T09:40:40-03:00,Vasco tem conversas com a empresa italiana Legea,/noticias/vasco-tem-conversas-com-a-empresa-italiana-legea-395807.html
205,2024-07-07T21:18:52-03:00,Torcedores invadiram a área de embarque para tentar agredir Praxedes,/noticias/torcedores-invadiram-a-area-de-embarque-para-tentar-agredir-praxedes-395770.html
206,2024-07-07T20:17:41-03:00,Notas dos jogadores do Vasco contra o Internacional,/noticias/notas-dos-jogadores-do-vasco-contra-o-internacional-3-395753.html
207,2024-07-07T20:11:29-03:00,"O Vasco de Paiva joga! Nos últimos 5 jogos, o Cruzmaltino só perdeu uma",/noticias/o-vasco-de-paiva-joga-nos-ultimos-5-jogos-o-cruzmaltino-so-perdeu-uma-395751.html
208,2024-07-07T20:01:04-03:00,Vasco vence o Internacional no Beira-Rio: 2 a 1,/noticias/vasco-vence-o-internacional-no-beira-rio-2-a-1-395745.html
209,2024-07-07T15:35:55-03:00,Vasco teria sondado a situação de Thiago Carpini,/noticias/vasco-teria-sondado-a-situacao-de-thiago-carpini-395709.html
210,2024-07-07T10:45:00-03:00,Empresa sugere que Vasco repasse os direitos de Rayan para encerrar dívida,/noticias/empresa-sugere-que-vasco-repasse-os-direitos-de-rayan-para-encerrar-divida-395692.html
211,2024-07-07T09:03:00-03:00,Emiliano Díaz fala sobre derrota para o Criciúma; vídeo,/noticias/emiliano-diaz-fala-sobre-derrota-para-o-criciuma-video-395688.html
212,2024-07-06T18:03:00-03:00,"Situações médicas de João Victor, Estrella e Payet, desfalques neste domingo",/noticias/situacoes-medicas-de-joao-victor-estrella-e-payet-desfalques-neste-domingo-395658.html
213,2024-07-06T17:21:00-03:00,São Januário: Como o Vasco acrescentará 10 mil lugares ao projeto de reforma,/noticias/sao-januario-como-o-vasco-acrescentara-10-mil-lugares-ao-projeto-de-reforma-395652.html
214,2024-07-06T16:19:00-03:00,Feminino: Vasco está escalado para o jogo de hoje (6),/noticias/feminino-vasco-esta-escalado-para-o-jogo-de-hoje-6-395643.html
215,2024-07-06T16:04:00-03:00,"Payet não enfrenta o Internacional, informa Venê Casagrande",/noticias/payet-nao-enfrenta-o-internacional-informa-vene-casagrande-395642.html
216,2024-07-06T14:33:00-03:00,"Zagueiro Lucas Oliveira, especulado no Vasco, reforçará o Kyoto, do Japão",/noticias/zagueiro-lucas-oliveira-especulado-no-vasco-reforcara-o-kyoto-do-japao-395635.html
217,2024-07-06T12:34:05-03:00,Clube português faz proposta ao Vasco para contar com Clayton Silva,/noticias/clube-portugues-faz-proposta-ao-vasco-para-contar-com-clayton-silva-395628.html
218,2024-07-06T12:18:53-03:00,Pequeno vascaíno faz festa com tema do Vasco e Léo,/noticias/pequeno-vascaino-faz-festa-com-tema-do-vasco-e-leo-395627.html
219,2024-07-06T11:18:55-03:00,Pedrinho elogia trabalho feito no feminino: 'Precisa de investimento forte',/noticias/pedrinho-elogia-trabalho-feito-no-feminino-precisa-de-investimento-forte-395620.html
220,2024-07-06T10:18:41-03:00,Vasco se acerta com o Aston Villa e agora depende do staff de Coutinho,/noticias/vasco-se-acerta-com-o-aston-villa-e-agora-depende-do-staff-de-coutinho-395619.html
221,2024-07-06T08:23:34-03:00,Rica Perrone questiona sobre os tipos de contrato que foram feitos no Vasco,/noticias/rica-perrone-questiona-sobre-os-tipos-de-contrato-que-foram-feitos-no-vasco-395613.html
222,2024-07-06T08:10:51-03:00,Galdames não deve ficar no Vasco e outros jogadores irão sair,/noticias/galdames-nao-deve-ficar-no-vasco-e-outros-jogadores-irao-sair-395608.html
223,2024-07-05T18:48:18-03:00,Vasco terá que pagar valor adicional ao Benfica em caso de permanência,/noticias/vasco-tera-que-pagar-valor-adicional-ao-benfica-em-caso-de-permanencia-395595.html
224,2024-07-05T18:15:37-03:00,Matix Capital cobra valor milionário do Vasco,/noticias/matix-capital-cobra-valor-milionario-do-vasco-395593.html
225,2024-07-05T15:47:47-03:00,"Especulado no Vasco, Lyanco é anunciado pelo Atlético-MG",/noticias/especulado-no-vasco-lyanco-e-anunciado-pelo-atletico-mg-395581.html
226,2024-07-05T15:13:56-03:00,Pedrinho revela aumento da capacidade de São Januário,/noticias/pedrinho-revela-aumento-da-capacidade-de-sao-januario-395578.html
227,2024-07-05T14:34:10-03:00,A-Cap negocia a venda do futebol do Vasco,/noticias/a-cap-negocia-a-venda-do-futebol-do-vasco-395566.html
228,2024-07-05T14:17:01-03:00,"Pedrinho, sobre Coutinho: 'Não é uma negociação simples'",/noticias/pedrinho-sobre-coutinho-nao-e-uma-negociacao-simples-395561.html
229,2024-07-05T12:14:58-03:00,Payet já perdeu 2/3 dos jogos do Vasco no Brasileirão,/noticias/payet-ja-perdeu-23-dos-jogos-do-vasco-no-brasileirao-395557.html
230,2024-07-05T10:52:32-03:00,O motivo do Aston Villa não ter assinado ainda empréstimo de Coutinho,/noticias/o-motivo-do-aston-villa-nao-ter-assinado-ainda-emprestimo-de-coutinho-395550.html
231,2024-07-05T09:46:21-03:00,Vasco acerta empréstimo do atacante Paixão para time da Ucrânia,/noticias/vasco-acerta-emprestimo-do-atacante-paixao-para-time-da-ucrania-395546.html
232,2024-07-04T22:39:27-03:00,Marcelo Sant'Ana terá como missão achar clube para quatro atletas,/noticias/marcelo-santana-tera-como-missao-achar-clube-para-quatro-atletas-395522.html
233,2024-07-04T22:19:05-03:00,Vasco ainda não decidiu se efetivará Rafael Paiva,/noticias/vasco-ainda-nao-decidiu-se-efetivara-rafael-paiva-395521.html
234,2024-07-04T21:36:48-03:00,Meia Juan Quintero é oferecido ao Vasco,/noticias/meia-juan-quintero-e-oferecido-ao-vasco-395518.html
235,2024-07-04T21:14:04-03:00,FJV faz publicação exigindo saída do preparador físico Daniel Félix,/noticias/fjv-faz-publicacao-exigindo-saida-do-preparador-fisico-daniel-felix-395516.html
236,2024-07-04T17:51:16-03:00,Estrella pode passar por cirurgia no menisco,/noticias/estrella-pode-passar-por-cirurgia-no-menisco-395504.html
237,2024-07-04T14:35:52-03:00,Marcelo Sant'Ana participará da escolha do novo treinador,/noticias/marcelo-santana-participara-da-escolha-do-novo-treinador-395485.html
238,2024-07-04T09:18:28-03:00,Notas dos jogadores do Vasco contra o Fortaleza,/noticias/notas-dos-jogadores-do-vasco-contra-o-fortaleza-395465.html
239,2024-07-03T22:45:22-03:00,Veja números de Rafael Paiva no comando do Vasco,/noticias/veja-numeros-de-rafael-paiva-no-comando-do-vasco-395444.html
240,2024-07-03T22:26:52-03:00,Saiba quantos pontos o Vasco conquistou sob o comando de Rafael Paiva,/noticias/saiba-quantos-pontos-o-vasco-conquistou-sob-o-comando-de-rafael-paiva-395441.html
241,2024-07-03T22:18:16-03:00,Payet deixa São Januário caminhando normalmente,/noticias/payet-deixa-sao-januario-caminhando-normalmente-395437.html
242,2024-07-03T22:16:55-03:00,Vasco terá seis desfalques para jogo contra o Internacional,/noticias/vasco-tera-seis-desfalques-para-jogo-contra-o-internacional-395436.html
243,2024-07-03T21:57:57-03:00,Vasco vence o Fortaleza por 2 a 0 em São Januário,/noticias/vasco-vence-o-fortaleza-por-2-a-0-em-sao-januario-395431.html
244,2024-07-03T20:24:35-03:00,Payet sente coxa direita e é substituído no início do primeiro tempo,/noticias/payet-sente-coxa-direita-e-e-substituido-no-inicio-do-primeiro-tempo-395420.html
245,2024-07-03T19:52:33-03:00,Torcedor aparece vestido de astronauta em São Januário,/noticias/torcedor-aparece-vestido-de-astronauta-em-sao-januario-395418.html
246,2024-07-03T15:25:11-03:00,Mateus Carvalho deve ser titular contra o Fortaleza,/noticias/mateus-carvalho-deve-ser-titular-contra-o-fortaleza-395374.html
247,2024-07-03T13:26:12-03:00,Ramón Díaz aceita proposta do Corinthians,/noticias/ramon-diaz-aceita-proposta-do-corinthians-395365.html
248,2024-07-03T12:50:39-03:00,Vasco realizou o pagamento do RCE que estava atrasado,/noticias/vasco-realizou-o-pagamento-do-rce-que-estava-atrasado-395364.html
249,2024-07-03T11:37:28-03:00,Roberta Barroso sobre Coutinho: 'Ainda não assinou e não assina hoje'; vídeo,/noticias/roberta-barroso-sobre-coutinho-ainda-nao-assinou-e-nao-assina-hoje-video-395360.html
250,2024-07-03T10:54:42-03:00,Juiz dá prazo para Vasco depositar parcela do RCE,/noticias/juiz-da-prazo-para-vasco-depositar-parcela-do-rce-395356.html
251,2024-07-02T19:57:37-03:00,"Há 64 anos, nascia Dudu",/noticias/ha-64-anos-nascia-dudu-395322.html
252,2024-07-02T17:19:43-03:00,Galdames estaria próximo de se transferir para o Universidade Catolica,/noticias/galdames-estaria-proximo-de-se-transferir-para-o-universidade-catolica-395307.html
253,2024-07-02T15:33:13-03:00,Provável escalação do Vasco para enfrentar o Fortaleza,/noticias/provavel-escalacao-do-vasco-para-enfrentar-o-fortaleza-5-395299.html
254,2024-07-02T14:35:31-03:00,Os técnicos que estão livres no mercado,/noticias/os-tecnicos-que-estao-livres-no-mercado-395296.html
255,2024-07-02T14:13:10-03:00,Vasco está entre os times que menos correm no Brasileiro,/noticias/vasco-esta-entre-os-times-que-menos-correm-no-brasileiro-395293.html
256,2024-07-02T13:54:13-03:00,"Com clube de Série B na frente, Vasco fica em 12° na lista de 'mais sócios'",/noticias/com-clube-de-serie-b-na-frente-vasco-fica-em-12deg-na-lista-de-mais-socios-395292.html
257,2024-07-02T13:40:32-03:00,Objetivo do Vasco com as contratações na janela é uma vaga na Sul-Americana,/noticias/objetivo-do-vasco-com-as-contratacoes-na-janela-e-uma-vaga-na-sul-americana-395290.html
258,2024-07-02T13:10:20-03:00,"Ex-Vasco, Ramón Díaz é cotado para assumir o Corinthians",/noticias/ex-vasco-ramon-diaz-e-cotado-para-assumir-o-corinthians-395288.html
